"images","name"
"data:image/webp;base64,UklGRlgCAABXRUJQVlA4WAoAAAAQAAAAJgEApAAAQUxQSCIAAAABFyAQSPwNQ5hijoiIBsJsI5ZBnb/Q/RvR/wnYz/iP/6QNVlA4IBACAADwHQCdASonAaUAPpFInUylpCmloFgJgTASCWlu3slzMXrUazU/znHZQBP3FR2MHYnQGPfnrIFAaHlhqfGhzLXftXmwyyDMEyrYi6qwSTA8LdibTmfsy1OSYVgKke/tCTtSpx5uMF7cbxocz/ZDpzL5IaePFlgKkgqpbdfK6dZsMsPgmIvKDoNjkmFT8D8dO+w26W8FiIKC9eEOkkGPbtDjzy1BYiIH+UAStkskUJG+f+RnyPG4zTfqpYyvgijySOfyOYoHYB90G+jgZeeIlKFxNmM+G68IwVumVYXgpLwT7n/BeIoz9YJBhMHzCG3Z8tJZANRZIBCyAAD+9GcljSFoloURZsr7lF88uLa+QBSCchxydkSv7WCpXO43lY99IqOsjNKcDdltuSaiAABqiCILMkfaZJf3/AVeJHHOME6gt7+487dovosBBaJtpooayW9lDQqP46AWjykfkXkJeHc2OEV3bAyZY99lVyx0sAXcbDMzYq9JET4gBQeWdmUOZ2AaGq4v/w5N3ITidoC29b+0itTukYfiOot4ei1uK8dacTcypFQ5efrBcwAF12DKk5WU95MbDZFthKHNCfa8wJ262xOfGGCP9I2tacbtXBUr+YOx0LcwR30LeH+CTUKLgZRvCsnHZCSo9R/bpaZFh/Vwtz9iKLVub31R+IzEvGkFOTTdAajn7CJ76YYcKSrAoAA=","Attack on Titan Devotion - The Symphony of Freedom"
"https://images.tkbcdn.com/2/608/332/ts/ds/22/a3/bd/cb16e7c4284036d703ff22dd9dea1266.png","[FLOWER 1969’s] SOAP WORKSHOP - HỌC LÀM XÀ PHÒNG"
"https://images.tkbcdn.com/2/608/332/ts/ds/a5/4a/d2/12722ab235b097941a4b06fe704f40c8.png","[FLOWER 1969’s] WORKSHOP CANDLE - HỌC LÀM NẾN THƠM"
"https://images.tkbcdn.com/2/608/332/Upload/eventcover/2024/03/18/437B6C.jpg","Ngắm nhìn bầu trời đêm tuyệt đẹp cùng Đài thiên văn Nha Trang"
"https://images.tkbcdn.com/2/608/332/ts/ds/6c/2f/e5/5b48d8680cb1a9872f9589f9eacb3a32.png","[DẾ GARDEN] Workshop Fairy Dome - Vòm Tiên"
"https://images.tkbcdn.com/2/608/332/ts/ds/cc/40/fb/7fff93dac844b409b1bd98b6763ecd6d.jpg","NEW MENU LAUNCH @BENARAS HEIGHTS"
"https://images.tkbcdn.com/2/608/332/ts/ds/48/f4/21/542dcae5843a2f770f45d863b1783de8.jpg","AFTER-PARTY: 1900 SAY HELLO | SATURDAY 10.05.2025"
"https://images.tkbcdn.com/2/608/332/ts/ds/d5/f7/31/b8dc405591074e95b041acf1f3d4d57e.jpg","NGÀY AN LÀNH - khoá tu 1 ngày cuối tuần"
"https://images.tkbcdn.com/2/608/332/ts/ds/db/a8/be/141434e63f648b5c3f37834cc39b7ebe.jpg","PHẬT BẢO NGHIÊM TRẤN - TRIỂN LÃM DI SẢN PHẬT GIÁO ĐỘC BẢN GIỮA LÒNG SÀI GÒN"
"https://images.tkbcdn.com/2/608/332/ts/ds/d1/91/35/4b4ca883013ffa19ccd3ce6889e96d69.png","[FLOWER 1969’s] WORKSHOP SOLID PERFUME - NƯỚC HOA KHÔ"
"https://images.tkbcdn.com/2/608/332/ts/ds/f1/67/54/8773e37b3b00ecf58713cf6eebd2fdd3.png","[NEW][FLOWER 1969’s] WORKSHOP PERFUME - NƯỚC HOA XỊT"
"https://images.tkbcdn.com/2/608/332/ts/ds/45/10/68/889ec9a53fb5f9f8be4010276f2a2bcb.png","[FLOWER 1969’s] ROLLERBALL PERFUME WORKSHOP - NƯỚC HOA LĂN"
"https://images.tkbcdn.com/2/608/332/ts/ds/12/7d/2e/5f6a4b38f8045b6104f7169ad2df9049.png","[FLOWER 1969’s] REED DIFFUSER WORKSHOP - TINH DẦU KHUẾCH TÁN"
"https://images.tkbcdn.com/2/608/332/ts/ds/f5/3c/d1/c5fc455eda98c0a262253eb20bf86281.jpg","TỰ CHỮA LÀNH BẰNG NHỮNG ĐIỀU RẤT GIẢN ĐƠN"
"https://images.tkbcdn.com/2/608/332/ts/ds/33/0c/f6/a3f7cf0a2bd264f923604c80f9ad2d6b.png","[NEW][FLOWER 1969’s] MOSS FRAME WORKSHOP - BỨC TRANH THIÊN NHIÊN"
"https://images.tkbcdn.com/2/608/332/ts/ds/16/0c/22/724d57956ce809e63f0755670def936e.png","FAN MEETING HUYR - ""ĂN CỖ CÙNG HUY"""
"https://images.tkbcdn.com/2/608/332/ts/ds/91/a4/18/1a76a263e63b0bb5ef78217ed06b394e.jpg","Workshop Tráng Film Trắng Đen"
"https://images.tkbcdn.com/2/608/332/ts/ds/dd/c5/a2/2efde532a493786bd937ab979e4ac456.jpg","CHƯƠNG TRÌNH TỊNH KHẨU tháng 06/2025"
"https://images.tkbcdn.com/2/608/332/ts/ds/f6/d5/44/52cdcb4e746327e0c637832ae110250a.png","Insight Door - Tái Tạo Năng Lượng Lãnh Đạo Trong Tĩnh Lặng"
"https://images.tkbcdn.com/2/608/332/ts/ds/e9/12/4c/4230dd952efcccbf50e9620809a92c52.jpg","AI & TƯƠNG LAI DOANH NGHIỆP"
"https://images.tkbcdn.com/2/608/332/ts/ds/e9/12/4c/e98a86ead9713d456a55008a9bb95286.jpg","AI & TƯƠNG LAI DOANH NGHIỆP"
"https://images.tkbcdn.com/2/608/332/ts/ds/a6/0a/4a/60e9e35f58d00a4df2f987fe5f02803c.jpg","Địa Đạo Củ Chi : Trăng Chiến Khu"
"https://images.tkbcdn.com/2/608/332/ts/ds/4d/8c/8a/4b0586d8a8733d9ed6cc9f5115960529.png","Automotive Mobility Solutions Conference / Collision Repair Training Workshop-Automechanika HCMC 25"
"https://images.tkbcdn.com/2/608/332/ts/ds/8c/5b/94/6473d775cf688fa1ccd898e24a71f18d.jpg","Khoá tu cuối tuần TÌM VỀ CHÍNH MÌNH"
"https://images.tkbcdn.com/2/608/332/ts/ds/9c/8f/07/96b3facfb73d7b832c77c2c807d82e88.jpg","Khoá học [Online] THIỀN ĐỊNH & THỰC DƯỠNG CƠ BẢN"
"https://images.tkbcdn.com/2/608/332/ts/ds/51/97/71/eaa750312c72f4b926428d258c960ede.png","SOOBIN LIVE CONCERT: ALL-ROUNDER | OFFICIAL MERCHANDISE COLLECTION"
"https://images.tkbcdn.com/2/608/332/ts/ds/1c/7d/5e/d778a558938ba4f63456c3bf990a2867.png","LỄ KỶ NIỆM 2 NĂM HONKAI: STAR RAIL - BUỔI XEM LIVE STAR RAIL 2025 - HÀ NỘI"
"https://images.tkbcdn.com/2/608/332/ts/ds/1c/7d/5e/3e6ace30e0a5745dd0a757d2981f84c5.png","LỄ KỶ NIỆM 2 NĂM HONKAI: STAR RAIL - BUỔI XEM LIVE STAR RAIL 2025 - HỒ CHÍ MINH"
"https://images.tkbcdn.com/2/608/332/ts/ds/e8/d2/58/bfae235d73129376aaa31190d06156fd.jpg","Khoá học THIỀN ĐỊNH & THỰC DƯỠNG CƠ BẢN"
"https://images.tkbcdn.com/2/608/332/ts/ds/f7/c2/1a/3db0c7a0e1e6400728e6a12b87ef80f1.png","COMBO VÉ THAM QUAN - THÊM ĐÔNG THÊM VUI"
"https://images.tkbcdn.com/2/608/332/ts/ds/5f/a9/77/a80e3edf706ab6c51497f29284c6fbc3.jpg","ĐÓN LỄ 30 THÁNG 4 TRÊN ROOFTOP ĐẸP NHẤT SÀI GÒN - LIBERATION DAY CELEBRATION ON SAIGON'S BEST ROOFTO"
"https://images.tkbcdn.com/2/608/332/ts/ds/39/54/10/bdd95b97dbc3458c231a4ed54133d9c2.png","[LEMLAB] Workshop TRẢI NGHIỆM LÀM GỐM"
"https://images.tkbcdn.com/2/608/332/ts/ds/8a/03/09/12ec0f867f42c97d5f20144e35e4d35b.png","[LEMLAB] Mini Workshop VẼ LY GỐM"
"https://images.tkbcdn.com/2/608/332/ts/ds/97/9b/88/8155a3b32d2ed2569784d45b52b196a6.png","[LEMLAB] Mini Workshop VẼ MÓC KHÓA"
"https://images.tkbcdn.com/2/608/332/ts/ds/fa/13/c0/97e701fca30275d187681c7588c43aaf.png","[LEMLAB] Workshop TRẢI NGHIỆM LÀM GỐM - dành cho trẻ em"
"https://images.tkbcdn.com/2/608/332/ts/ds/e3/0e/09/7bd69384cf7868a10dfe7334782db7c1.jpg","1900 CIRCLE X #02: HIP CITY x 24K.RIGHT | FRIDAY 25.04.2025"
"https://images.tkbcdn.com/2/608/332/ts/ds/83/d0/ce/9bb6d576fd282108cbddb4e4b1217060.jpg","Global Sourcing Fair Việt Nam 2025 - Triển lãm Nguồn cung ứng quốc tế 2025"
"https://images.tkbcdn.com/2/608/332/ts/ds/c8/1b/c0/685214193d38bbef96d8181e37c097f2.jpg","Workshop THIỀN ĐỊNH & THỰC DƯỠNG CƠ BẢN"
"https://images.tkbcdn.com/2/608/332/ts/ds/20/88/5b/d7f55999d85bba47c309092c60b93136.jpg","'THE ONE' ALBUM LISTENING PARTY: KayC & Special Guests | Sunday 20.04.2025"
"https://images.tkbcdn.com/2/608/332/ts/ds/27/aa/61/db2093cbb71cb1735cbcf466f8d94ba8.png","ART WORKSHOP ""NGHỆ THUẬT VẼ TRÊN THỦY TINH"" - PAINTING GLASS"
"https://images.tkbcdn.com/2/608/332/ts/ds/e7/2b/c4/3cc730fea18400243872d7dd1f101788.jpg","ĐÀ LẠT - TẮM ÂM THANH VỚI CHUÔNG XOAY VÀ GONG"
"https://images.tkbcdn.com/2/608/332/ts/ds/e6/9b/2a/09e859e7a92abd890899691a35f90875.jpg","FOOD TASTING & WINE PAIRING AT BENARAS HEIGHTS"
"https://images.tkbcdn.com/2/608/332/ts/ds/23/db/5d/8e31f30738f2f88688f47cee64aa0efa.jpg","FOOD TASTING & WINE PAIRING AT BENARAS CENTRAL"
"https://images.tkbcdn.com/2/608/332/ts/ds/4d/cb/39/ac26e70ab9a5c086f77bef4448514563.jpg","2025 JISOO ASIA TOUR: ""LIGHTS, LOVE, ACTION!"" IN HANOI"
"https://images.tkbcdn.com/2/608/332/ts/ds/21/5f/d7/92e9981cc46850451627316bfea4abd5.jpg","MY MUSES - NAMTANFILM 1ST FANMEETING IN VIETNAM"
"https://images.tkbcdn.com/2/608/332/ts/ds/f4/36/f7/8bd78b032153e0fccb22a4ebaf059b91.jpg","<JUNIVERSE in HANOI> JUN PHAM FanMeeting 2025"
"https://images.tkbcdn.com/2/608/332/ts/ds/34/b5/42/295c32fcceff1901765a677964502d2c.jpg","STAY IN THE TEMPLE - Nghỉ ngơi kết hợp Chữa Lành"
"https://images.tkbcdn.com/2/608/332/ts/ds/8c/54/9c/9248190c9f8b90edafdb945427b03deb.jpeg","Agile Vietnam Open Space"
"https://images.tkbcdn.com/2/608/332/ts/ds/ed/38/55/b8234fe17706e275fc34835fd8f4687e.jpg","Buổi trò chuyện: Thiết kế Tương lai Kiên cường Chủ động"
"https://images.tkbcdn.com/2/608/332/ts/ds/bd/58/bf/742336822136102ba097ce13b411becf.jpg","1900 x OEG: RIOT VERSE | Sunday 23.03.2025"
"https://images.tkbcdn.com/2/608/332/ts/ds/0a/7e/f4/8c83eda6f151f61de28e1948dffe366b.png","KOKEDAMA và những ngày học cách hiểu được sự sinh trưởng"
"https://images.tkbcdn.com/2/608/332/ts/ds/4c/4e/df/731c6a76c7315459528ad88c954558bd.jpg","FANCINE LIÊN BỈNH PHÁT - TPHCM"
"https://images.tkbcdn.com/2/608/332/ts/ds/fa/57/9b/fd300877491b52d69f345e11cf689fcc.jpg","HOLI FESTIVAL AT BENARAS HERITAGE"
"https://images.tkbcdn.com/2/608/332/ts/ds/34/40/dd/fd5bc8e8a6ad9b981005959957313d1c.jpg","FANCINE LIÊN BỈNH PHÁT - HÀ NỘI"
"https://images.tkbcdn.com/2/608/332/ts/ds/b1/41/2d/671b53ba5318e365e12f1c60abd58c40.jpg","Buổi trò chuyện bên ly cà phê: Hé lộ bản thiết kế lớn của cuộc đời bạn"
"https://images.tkbcdn.com/2/608/332/ts/ds/c0/be/c4/e40d7d51c97b12206d89d555e67f5006.jpg","8th Mar - Urban LADIES NIGHT PARTY at BENARAS HEIGHTS"
"https://images.tkbcdn.com/2/608/332/ts/ds/43/8b/ff/3fb8552f077b8aae41b98ee50549e5bf.png","Ema Roma _Workshop làm bánh nhung đỏ - bày tỏ thương yêu"
"https://images.tkbcdn.com/2/608/332/ts/ds/0b/53/8f/42b5f20954fc24f2a8d840f8d7b81a74.jpg","Tiết lộ bản thiết kế của các tổ chức theo đuổi & dẫn dắt bởi mục đích có ý nghĩa"
"https://images.tkbcdn.com/2/608/332/ts/ds/ee/84/c2/d73a6363da9e07cb3d290206cf1948aa.png","SỰ KIỆN: CÙNG CON DU HỌC KHÔNG KHÓ - XÉT TUYỂN THẲNG VÀO ĐẠI HỌC TOP 1%"
"https://images.tkbcdn.com/2/608/332/ts/ds/e8/23/5d/3a06ae7e78104d52c294a27fba490d0e.png","Quang Hùng MasterD - The 1st Fan Meeting in Viet Nam 2024 | DAY 4: Đà Nẵng"
"https://images.tkbcdn.com/2/608/332/ts/ds/79/25/13/7b29a6c5d86836dc76a8ea9b6da07af6.jpg","Khoá học TRỞ VỀ HÀN HẮN VỚI THÂN"
"https://images.tkbcdn.com/2/608/332/ts/ds/f6/35/89/c813b6a3cc7f1397a928baa4cc7fb3d9.png","InterPetFest - International Pet Festival & Expo Vietnam 2025"
"https://images.tkbcdn.com/2/608/332/ts/ds/41/4b/89/7e1c50a26c7c4d040589a5778c84443b.jpg","1900 Future Hits #67 | Valentine Edition: Dương Domic | Friday 14.02.2025"
"https://images.tkbcdn.com/2/608/332/ts/ds/12/80/1a/c3110b480abcd07dac73520c6692f67d.jpg","SPECIAL VALENTINE'S DINNER AT BENARAS BISTRO"
"https://images.tkbcdn.com/2/608/332/ts/ds/54/40/df/cffefb54a68d1167fb3d0bffe7b2e520.jpg","VALENTINE'S PARTY AT BENARAS HERITAGE"
"https://images.tkbcdn.com/2/608/332/ts/ds/9c/3a/7f/ab1287e6dc21e17cc47933d48cde9adb.jpg","SPECIAL VALENTINE'S DINNER AT BENARAS HEIGHTS"
"https://images.tkbcdn.com/2/608/332/ts/ds/76/b2/c2/88580aa6f4cc8a44b340cccccb17343c.png","KHÓA HUẤN LUYỆN "" KỸ NĂNG TƯ DUY PHẢN BIỆN"" đột phá tư duy - dẫn đầu thành công"
"https://images.tkbcdn.com/2/608/332/ts/ds/35/72/40/50d197ee820b9433242b01d304c3882c.jpg","Thiết kế 'Bản kế hoạch' của cuộc đời mình, phát huy tiềm năng cá nhân và lan toả ảnh hưởng tích cực"
"https://images.tkbcdn.com/2/608/332/ts/ds/f7/c2/1a/d8b6343fa22566789a9be23530d0dc41.png","[THAM QUAN] VƯỜN THÚ CHÚ VOI CON - BABY ELEPHANT ANIMAL PARK"
"https://images.tkbcdn.com/2/608/332/ts/ds/fc/3b/fd/ba9002a6f8c965e09b0160fb7e3b13ba.jpg","HÁI LỘC ĐẦU XUÂN 2025"
"https://images.tkbcdn.com/2/608/332/ts/ds/89/b5/98/6fa87f400aed6044992015f065eaa489.png","Roadtrip to 1900 #64: BYOR | Friday 24.01.2025"
"https://images.tkbcdn.com/2/608/332/ts/ds/08/4c/e3/296de23991e24714d3474d80c2d3e25f.png","1900 Future Hits #65: Quang Hùng MasterD"
"https://images.tkbcdn.com/2/608/332/ts/ds/b8/08/cf/303d676cbe8c8fc5ec7f35a629ced47a.png","1900 Future Hits #65: Duy Mạnh | Tuesday 21.01.2025"
"https://images.tkbcdn.com/2/608/332/ts/ds/b3/9e/9f/b541582f82495d0d611f6265b369c9d5.png","1900 Future Hits #64: Pháp Kiều & Hải Đăng Doo"
"https://images.tkbcdn.com/2/608/332/ts/ds/7b/bd/94/b649c712f8feef355f45dd11e9d35ade.png","JCCH NEW YEAR PARTY 2025"
"https://images.tkbcdn.com/2/608/332/ts/ds/a0/75/a5/6d427cf48139cf0bc66bf156f2ae78ac.jpg","FUTURE WITH AI - AI DẪN ĐẦU TƯƠNG LAI"
"https://images.tkbcdn.com/2/608/332/ts/ds/a7/36/9f/9b7b993d49fbfc0716cd0fd0d07d65e0.png","Ký Năng BÁN HÀNG THIẾT YẾU - Nâng tầm kỹ năng bán hàng, bứt phá doanh số."
"https://images.tkbcdn.com/2/608/332/ts/ds/a0/75/a5/a00f3015662413549c1f19ab07d041c1.jpg","FUTURE WITH AI - AI DẪN ĐẦU TƯƠNG LAI"
"https://images.tkbcdn.com/2/608/332/ts/ds/13/34/43/84287724a93b8ca68e9d61457278647b.jpg","Countdown Party at Sofitel Saigon Plaza"
"https://images.tkbcdn.com/2/608/332/ts/ds/07/69/6d/fb092b3bc8b8350411913367f273fc29.jpg","NEW YEAR'S EVE AT BENARAS HERITAGE"
"https://images.tkbcdn.com/2/608/332/ts/ds/31/87/88/6e0e6d49f362614d83fec56c0c4791c4.jpg","NEW YEAR'S EVE AT BENARAS HEIGHTS (ROOFTOP OF RENAISSANCE RIVERSIDE HOTEL SAIGON)"
"https://images.tkbcdn.com/2/608/332/ts/ds/f5/cf/eb/d6ce1e31aab05367d1609cfc51d002ad.jpg","New Year's Eve Soirée at Sofitel Saigon Plaza"
"https://images.tkbcdn.com/2/608/332/ts/ds/82/4c/33/63a36601434d1fdb4864e8d558991f2d.jpg","TIỆC ĐÊM GIÁNG SINH VÀ ĐÊM GIAO THỪA DIỆU KỲ GIỮA NGÔI LÀNG TUYẾT TRẮNG"
"https://images.tkbcdn.com/2/608/332/ts/ds/13/8e/63/3cb04160e8d0b51ad7fb816f4844f415.png","[8/3][FLOWER 1969’s] WORKSHOP WAXTABLET - HỌC LÀM SÁP THƠM"
"https://images.tkbcdn.com/2/608/332/ts/ds/01/5a/24/21ae5a28949aac8de6c43f289ce925c9.png","Christmas Snow Town - Trải nghiệm Giáng sinh giữa ngôi làng tuyết trắng"
"https://images.tkbcdn.com/2/608/332/ts/ds/5a/b5/80/102642fc582553fe6281047220f91956.png","Workshop Leaf Leather Engraving - Khắc Lá Da"
"https://images.tkbcdn.com/2/608/332/ts/ds/5a/6b/bf/1a6b79472bf5e697cc29862e84436c22.png","Workshop Pot Painting - Họa sĩ trồng cây"
"https://images.tkbcdn.com/2/608/332/ts/ds/10/d2/52/54f81f4a0a9baa25216fa21ab65d7f8a.png","Workshop ""Long Mệnh Phụng Tướng - Vươn Tầm Triệu Phú"""
"https://images.tkbcdn.com/2/608/332/ts/ds/25/3e/9f/58c2a3f23a1779b301a85959789f4ea2.jpg","1900 Future Hits #63 | Christmas Edition: Quân A.P | Wednesday 25.12.2024"
"https://images.tkbcdn.com/2/608/332/ts/ds/91/93/07/dbf933bffcf71949092f3afc6963cb6a.jpg","An Enchanted Christmas Day at Sofitel Saigon Plaza"
"https://images.tkbcdn.com/2/608/332/ts/ds/55/37/ac/c95513a9c9ac77ecb522d226e883332c.png","A Magical Christmas Eve at Sofitel Saigon Plaza"
"https://images.tkbcdn.com/2/608/332/ts/ds/94/1e/34/9c2554e97c12b0d627d027db54af8d21.jpg","PHƯƠNG PHÁP TRÌNH BÀY DỰ ÁN CHUYÊN NGHIỆP"
"https://images.tkbcdn.com/2/608/332/ts/ds/33/00/3f/0682b976d6caca1c68fa5ccdca885b85.png","[FLOWER 1969’s] WORKSHOP XMAS TREE MAKING - CÂY THÔNG NOEL MINI"
"https://images.tkbcdn.com/2/608/332/ts/ds/e9/7d/a5/9130b2ebeb0fad8efa8beecacf70de14.png","[FLOWER 1969’s] CHRISTMAS WREATH WORKSHOP - VÒNG NGUYỆT QUẾ"
"https://images.tkbcdn.com/2/608/332/ts/ds/2d/fc/c2/1c59fe0119a76f3bab01c187c9c8843e.png","Khóa ""BÍ MẬT VÂN TAY"" - Hiểu Về Chính Mình"
"https://images.tkbcdn.com/2/608/332/ts/ds/7f/5d/22/70f8fcd6222696ffdf111c6207d7b825.jpg","Lễ Hội Hoa Hướng Dương Tại Vạn Phúc City"
"https://images.tkbcdn.com/2/608/332/ts/ds/ff/d0/4e/0eed1eeb683da88dbbe34d7228541c0c.jpg","J-UNZIP | Jun Phạm Showcase 2024"
"https://images.tkbcdn.com/2/608/332/ts/ds/4a/ca/ec/967635976134885882c305ddd655c396.jpg","Tiết lộ bản thiết kế của các tổ chức theo đuổi & dẫn dắt bởi mục đích có ý nghĩa"
"https://images.tkbcdn.com/2/608/332/ts/ds/d0/25/0f/00fb7952878aacde099db10c3e5e0444.jpg","ICE MAGIC | FANTASY ON ICE"
"https://images.tkbcdn.com/2/608/332/ts/ds/e0/12/63/a7f2eecca6dd9982d21c680dac157069.png","Khóa Huấn Luyện ""TRỞ THÀNH BẬC THẦY KẾT NỐI"""
"https://images.tkbcdn.com/2/608/332/ts/ds/e8/96/3a/b71af92ec57fec5e1d960fe2a85eabd9.jpg","TUẦN LỄ ÂM NHẠC VIỆT NAM 2024 - VIETNAM MUSIC WEEK 2024"
"https://images.tkbcdn.com/2/608/332/ts/ds/dd/9d/32/371f041e25eddfc3ebd730b2f1a16e02.jpg","INDIAN FOOD COMPETITION AT BENARAS HERITAGE"
"https://images.tkbcdn.com/2/608/332/ts/ds/44/5e/e4/be22a9f2a5e9986459fd3f655e00db6d.png","Từ FMCG đến Tech: Chuyển mình để nắm bắt tương lai 4.0!"
"https://images.tkbcdn.com/2/608/332/ts/ds/34/74/f2/156714302c1632dc17cb346b262e7775.png","Khóa Huấn Luyện ""PUBLIC SPEAKING 101"""
"https://images.tkbcdn.com/2/608/332/ts/ds/c3/b3/e7/d30ca5cb00496b79b120a2d017bef8a5.png","Roadtrip to 1900 #63: Dimension | Sunday 08.12.2024"
"https://images.tkbcdn.com/2/608/332/ts/ds/19/e4/3a/75eab8e0ff03e40bee904746edc720d4.png","Workshop Vẽ Túi Tote - Tote Painting"
"https://images.tkbcdn.com/2/608/332/ts/ds/d9/95/c5/bc00c84395cf57de4abf35350eec1e45.jpg","WORKSHOP: INNER RADIANCE"
"https://images.tkbcdn.com/2/608/332/ts/ds/7d/87/57/431e1df59775a50d4e80f061703bc05b.jpg","CHÌA KHÓA CẢI VẬN 2025"
"https://images.tkbcdn.com/2/608/332/ts/ds/f7/c2/1a/c9fcd4c29d08a1d64549cf8dbd2ae9ea.png","[THAM QUAN] VƯỜN THÚ CHÚ VOI CON - BABY ELEPHANT ANIMAL PARK"
"https://images.tkbcdn.com/2/608/332/ts/ds/b5/12/13/63ccbad22b6ef0d10feb330fd4130e11.png","[FLOWER 1969’s] WORKSHOP SAND CANDLE - NẾN THƠM HOA BĂNG"
"https://images.tkbcdn.com/2/608/332/ts/ds/27/ba/d3/b7b162527d532ed5ed322c96e16270a5.png","[9X GARDEN] Fairy Jungle Workshop - Tự tay tạo nên ""khu rừng cổ tích"" của riêng bạn!"
"https://images.tkbcdn.com/2/608/332/ts/ds/cb/c8/ed/24e805f321fbbf81d521e9fcda63c28f.png","[9X GARDEN] Workshop Kokedama - From Earth to The Art"
"https://images.tkbcdn.com/2/608/332/ts/ds/f3/9f/e8/96b085d50285a11ccd3b2a82f4db5d7a.png","[9X GARDEN] Workshop Moss Frame - Bản hòa ca của thiên nhiên"
"https://images.tkbcdn.com/2/608/332/ts/ds/22/92/4f/d000f028739bf336e5399398873a2b16.png","Collaboration Camp 2024"
"https://images.tkbcdn.com/2/608/332/ts/ds/cf/d6/48/7666285008b0807c2b366bd2caad7ed6.png","1900 x Hennessy Artistry | Hip Hop Party #19: Andree Right Hand | Friday 29.11.2024"
"https://images.tkbcdn.com/2/608/332/ts/ds/38/01/83/f819841be7a1be2ccb2af8fa75109e3a.jpg","AI BUSINESS SUMMIT 2024 - CƠ HỘI VÀ THÁCH THỨC"
"https://images.tkbcdn.com/2/608/332/ts/ds/5d/3b/5c/006fb1fd95e2d66dcf737569f6be23c9.jpg","FAN MEETING LIÊN BỈNH PHÁT - ""HỌP CHỢ"" KHU VỰC BẾN THÀNH"
"https://images.tkbcdn.com/2/608/332/ts/ds/cf/6b/e2/9d9aa12bdb9f9dd8acf0b7e3498ba984.png","[9X GARDEN] Workshop Broken Pot, New Life - Điều kỳ diệu từ mảnh vỡ"
"https://images.tkbcdn.com/2/608/332/ts/ds/ab/c3/34/a0da8994fb4ab5117ae208039cd261ae.png","1900 Future Hits #61: Quang Hùng MasterD | Thursday 21.11.2024"
"https://images.tkbcdn.com/2/608/332/ts/ds/90/bd/b5/9a053f7007e85fab417f37a9f9b046a7.png","Khóa học TRIZ & LIFE-SCIENCE K539 khai giảng ngày 20.11.2024 tại trường Đại Học Khoa Học Tự Nhiên"
"https://images.tkbcdn.com/2/608/332/ts/ds/b4/4b/17/3ad4bc43e7369c3d9d8ac3902105a88d.jpg","WORKSHOP TRỒNG CÂY KHÔNG CHẬU - KOKEDAMA"
"https://images.tkbcdn.com/2/608/332/ts/ds/38/01/83/94f90b8dc5a346a0280b49a5e5bc1922.jpg","AI BUSINESS SUMMIT 2024 - CƠ HỘI VÀ THÁCH THỨC"
"https://images.tkbcdn.com/2/608/332/ts/ds/da/e5/c1/10376e180b471f58e63653751f36e923.png","[HÀ NỘI] Aquafina Tuần Lễ Thời Trang Quốc Tế Việt Nam 2024"
"https://images.tkbcdn.com/2/608/332/ts/ds/20/b7/bc/3a85a2af69994475370e520f323103ca.png","[NEW]Workshop Nến Thơm – Making candle with flowers and energy gems"
"https://images.tkbcdn.com/2/608/332/ts/ds/11/cc/b8/0b93b1ac92c2b097fe2272da5e40defb.jpg","FOOD TASTING AND WINE PAIRING AT BENARAS"
"https://images.tkbcdn.com/2/608/332/ts/ds/4f/e0/04/527a930dbf57530d289369d45e893c6b.png","Workshop The Secrets Of Steinway"
"https://images.tkbcdn.com/2/608/332/ts/ds/e5/98/9b/d2ce588e6f0fffaec0e1b054c5141257.png","DPA15: Tailor-made Digital Solutions for The Next Move of Digital Banking/Users/GU/Downloads/DPA15-2"
"https://images.tkbcdn.com/2/608/332/ts/ds/2e/bc/9b/71ad3d28f59f526209ef9bf8c8e271b7.jpg","Buổi trò chuyện bên ly cà phê: Hé lộ bản thiết kế lớn của cuộc đời bạn"
"https://images.tkbcdn.com/2/608/332/ts/ds/d6/23/0b/2a1ac2c6a9a0b4e6c0225d5d787ce7c3.png","Watch Party Chung Kết Thế Giới SWC2024"
"https://images.tkbcdn.com/2/608/332/ts/ds/fc/0c/4a/595b2948d0bc21a1e58bd60bbd7bc23a.png","ROBB REPORT GOURMET 2024 - CONFERENCE ""A SAVORY SYMPHONY"""
"https://images.tkbcdn.com/2/608/332/ts/ds/e8/40/2f/f42738bc899b5698c70915a435daea94.jpg","DIWALI FEST @ BENARAS"
"https://images.tkbcdn.com/2/608/332/ts/ds/10/db/c3/7a0566c36f71890ed514bcf09ac13bba.png","AI-Powered Project Management Workshop"
"https://images.tkbcdn.com/2/608/332/ts/ds/49/c1/57/8a29c3b71dc54a0cb0cd342d99f61c8c.jpg","[KHAI TRƯƠNG] VƯỜN THÚ CHÚ VOI CON - BABY ELEPHANT ANIMAL PARK"
"https://images.tkbcdn.com/2/608/332/ts/ds/8b/7e/3d/d210532302d1a7fc334f42e56e491868.png","2024 Jun Phạm Fan Meeting <JUNIVERSE in HCM>"
"https://images.tkbcdn.com/2/608/332/ts/ds/83/26/43/2d69246961be2817b7319bd13c848beb.jpg","HỘI THẢO CHUYÊN ĐỀ - TRẢI NGHIỆM NHƯỢNG QUYỀN QUỐC TẾ"
"https://images.tkbcdn.com/2/608/332/ts/ds/bb/91/3d/3781a48da5e6fecfda17ec873d69060d.png","[9X GARDEN] Terrarium Workshop - Comeback Home"
"https://images.tkbcdn.com/2/608/332/ts/ds/02/bb/b3/bf78dffbe47318672daf82cf458fedc5.jpg","Chương trình TỊNH KHẨU tháng 11"
"https://images.tkbcdn.com/2/608/332/ts/ds/33/84/41/69794ca59ae1bbbb9194909b12b78b82.jpg","[LemLab] VẼ LY GỐM"
"https://images.tkbcdn.com/2/608/332/ts/ds/19/7d/47/ec31e3d42adbabb8483f4ed16a6ce82a.jpg","[LemLab] TRẢI NGHIỆM LÀM GỐM THỦ CÔNG"
"https://images.tkbcdn.com/2/608/332/ts/ds/01/71/3f/7a9bcc121d1fec6f6527eee1c95b2385.jpg","SWC2024 | ASIA-PACIFIC CUP"
"https://images.tkbcdn.com/2/608/332/ts/ds/32/ab/2f/8e54469516d68a94320d51934c783000.jpg","Khoá tu cuối tuần SEE YOURSELF - NHÌN THẤY CHÍNH MÌNH"
"https://images.tkbcdn.com/2/608/332/ts/ds/64/b3/7f/4f7f3c8fbaf812121ccf227714911ce4.jpg","Tiết lộ bản thiết kế của các tổ chức theo đuổi & dẫn dắt bởi mục đích có ý nghĩa"
"https://images.tkbcdn.com/2/608/332/ts/ds/e5/fd/53/046b50c68403bda0c0dad65903222e6e.jpg","A COMPLETE GUIDE FOR SUCCESSFUL PROJECT MANAGEMENT"
"https://images.tkbcdn.com/2/608/332/ts/ds/98/0d/3f/645d56dc061dd3078cce5a14086c0b45.jpg","KARWA CHAUTH EVE FEST"
"https://images.tkbcdn.com/2/608/332/ts/ds/b3/32/63/97746194c0dbf03ebdf291028c6828cc.jpg","Tiết lộ bản thiết kế của các tổ chức theo đuổi & dẫn dắt bởi mục đích có ý nghĩa"
"https://images.tkbcdn.com/2/608/332/ts/ds/13/c2/8e/005cd744214715535f6dd27f63427bf1.jpg","Workshop Busy Life, Easy Life"
"https://images.tkbcdn.com/2/608/332/ts/ds/97/51/eb/fa251e18cb87384d9b84219fc2b600c4.jpg","Thiết kế ""Bản kế hoạch"" của cuộc đời, phát huy tiềm năng cá nhân & lan toả ảnh hưởng tích cực"
"https://images.tkbcdn.com/2/608/332/ts/ds/77/c6/c3/1469f2e0d0c448e0ce06011ead025252.png","Khóa học TRIZ & MINDSCIENCE K538 khai giảng ngày 14.10.2024 tại ĐH KHTN"
"https://images.tkbcdn.com/2/608/332/ts/ds/ba/e5/07/cfc9cbdc420457eb392e3143dc99f482.jpg","CUỐI TUẦN CHÁNH NIỆM"
"https://images.tkbcdn.com/2/608/332/ts/ds/02/53/58/33204d9ac7ea1224bd24c53fcb47b81e.png","CCCDR2024 Conference on Construction Contracts and Dispute Resolutions"
"https://images.tkbcdn.com/2/608/332/ts/ds/70/3a/5b/3691ce959d1b7382f3138131e741d0cb.jpg","Quang Hùng MasterD - The 1st Fan Meeting in Viet Nam 2024"
"https://images.tkbcdn.com/2/608/332/ts/ds/da/b5/95/bdb78f74185c66dd554e65b50e5bce88.jpg","1900 Future Hits #60: SOOBIN"
"https://images.tkbcdn.com/2/608/332/ts/ds/31/ef/33/f342b3d54a69142a16c397f8816ebdad.jpg","Là EM! Trình diễn áo cưới & Workshop làm hoa vải"
"https://images.tkbcdn.com/2/608/332/ts/ds/d2/ef/d0/af6b14660540571f8937e9b6f2d1e2cd.jpg","SAIGON POOL PARTY: BARSON Takeover Le Méridien Saigon's Pool On Sunday"
"https://images.tkbcdn.com/2/608/332/ts/ds/6c/63/7d/669068070a8e0b408c81f51dce540b0b.jpeg","Vietnam Swans AFL Grand Final Party"
"https://images.tkbcdn.com/2/608/332/ts/ds/7a/c1/16/26484e93f3ea8139f5d89f40da1935c5.png","Wedtech Show 2024 - Triển lãm thiết bị và công nghệ ngành cưới Việt Nam"
"https://images.tkbcdn.com/2/608/332/ts/ds/1c/f6/d2/a9dda8cc7204045d62ce73f9beaab0bd.png","Cocktail de Rentrée 2024 - HCMC"
"https://images.tkbcdn.com/2/608/332/ts/ds/e1/e3/2b/bae60ef553bddbe3af74653bbcc274ff.jpg","Saigon Gourmet Week: Michelin-Starred & Celebrity Chefs"
"https://images.tkbcdn.com/2/608/332/ts/ds/80/7a/25/8edfb2bd9836377e5402564b983bb0f0.png","[ONLINE] PHÂN TÍCH VÀ TRỰC QUAN HÓA DỮ LIỆU VỚI POWER BI"
"https://images.tkbcdn.com/2/608/332/ts/ds/55/8a/15/a37da8dd30fb0d1102d330888b2b1294.jpg","STAND-UP COMEDY SHOW-FOUR QUEENS & ONE JOKER"
"https://images.tkbcdn.com/2/608/332/ts/ds/b3/2a/2a/2311c1814f4e7a9de634a6d5d9259d13.jpg","STAY IN THE TEMPLE - Trải nghiệm Cuộc Sống tại Chùa Chiền"
"https://images.tkbcdn.com/2/608/332/ts/ds/8c/2c/81/4edaeb022dd3d06ff912b88bda4f3b56.jpg","COMEDY ""FEMALES GONE WILD"""
"https://images.tkbcdn.com/2/608/332/ts/ds/07/9b/e1/165f865058f7eb8c277512587dd043e7.png","Cocktail de Rentrée 2024 - Hanoi"
"https://images.tkbcdn.com/2/608/332/ts/ds/35/95/64/98f7aa5f8dba2dfc406f72fbe279d054.jpg","ĐÀO TẠO PHÁP LÝ: VẬN DỤNG PHÁP LUẬT LAO ĐỘNG TRONG QUẢN TRỊ DOANH NGHIỆP"
"https://images.tkbcdn.com/2/608/332/ts/ds/05/7d/1c/190be7546c9fdbf177d815865a217744.png","[FLOWER 1969’s] WORKSHOP SHAPED SCENTED CANDLE - NẾN TẠO HÌNH THỎ CUNG TRĂNG"
"https://images.tkbcdn.com/2/608/332/ts/ds/01/2e/9e/39328855d824417a76bdbaf344f9b1e6.jpg","Workshop Cán Hoa Tươi Trên Gốm"
"https://images.tkbcdn.com/2/608/332/ts/ds/31/48/90/20c83a60f3aacc8d638818fe7b3dcfab.png","[FLOWER 1969’s] MID AUTUNM- GLASS PAPER LANTERN - LỒNG ĐÈN GIẤY KIẾNG"
"https://images.tkbcdn.com/2/608/332/ts/ds/8c/40/bb/f2b7c9ed631ee25b482ef4eb49674b66.png","IT COMMUNICATOR: MOVE UP YOUR CAREER"
"https://images.tkbcdn.com/2/608/332/ts/ds/ab/65/30/ace6eb93bcece242c4ebab1477abe5cc.jpg","INDIAN FOOD CARNIVAL"
"https://images.tkbcdn.com/2/608/332/ts/ds/72/d1/d8/eb89b07c99bd598e44a940654e0de57e.png","[FLOWER 1969’s] WORKSHOP LIGHT FAME 3D - KHUNG TRANH ÁNH SÁNG 3D"
"https://images.tkbcdn.com/2/608/332/ts/ds/cf/49/d9/69a91524f4bae6d0df505c3739d96f4d.jpg","3 ngày KHÁM PHÁ BÍ MẬT VỀ CƠ THỂ"
"https://images.tkbcdn.com/2/608/332/ts/ds/e1/6d/24/38ccb388cb748c2118cabdca1b2c5257.jpg","Thiết kế 'Bản kế hoạch' của cuộc đời mình, phát huy tiềm năng cá nhân và lan toả ảnh hưởng tích cực"
"https://images.tkbcdn.com/2/608/332/Upload/eventcover/2024/03/26/1B91D5.jpg","[NEW]Luận giải HumanDesign - Thấu hiểu bản thân"
"https://images.tkbcdn.com/2/608/332/ts/ds/6c/c6/93/35f0d911fe49e6aff752af0ce0ec473d.png","[FLOWER 1969’s] WORKSHOP MOON CAKE CANDLE - NẾN THƠM BÁNH TRUNG THU"
"https://images.tkbcdn.com/2/608/332/Upload/eventcover/2024/03/26/2AFE54.jpg","[NEW]Tarot Reading - Chữa lành thông qua Tarot"
"https://images.tkbcdn.com/2/608/332/ts/ds/67/3b/a7/7abb3b078bd147732816a99f50eaf089.jpg","[THE GREENERY ART] WORKSHOP ""HOKKAIDO MATCHA LETAO CHEESECAKE"""
"https://images.tkbcdn.com/2/608/332/ts/ds/a1/f6/96/bbe14b64669540c231fae51adb1457d6.jpg","[THE GREENERY ART] WORKSHOP BÁNH ""MOCHI CHEESECAKE"""
"https://images.tkbcdn.com/2/608/332/ts/ds/e8/0a/8f/e8fb848fa96d1b76e0386dd5b06703d8.jpg","[THE GREENERY ART] WORKSHOP ""FERRERO ROCHER COOKIE"""
"https://images.tkbcdn.com/2/608/332/ts/ds/b5/9f/3f/da99afaf13047b9c25c99aba89b6d3d6.jpg","[THE GREENERY ART] WORKSHOP ""BÁNH CHARLOTTE"""
"https://images.tkbcdn.com/2/608/332/ts/ds/7e/49/4c/518a3e6c12a767adaaa2aabc31c6363f.jpg","[THE GREENERY ART] WORKSHOP ""MINI TART TRÁI CÂY - FRUIT MINI TART"""
"https://images.tkbcdn.com/2/608/332/Upload/eventcover/2024/03/15/A2210C.jpg","[ONLINE]-Business analysis for Banking"
"https://images.tkbcdn.com/2/608/332/ts/ds/e8/97/a4/61bf194d883a2d7eb2c8c2122b04dd08.jpg","[THE GREENERY ART] WORKSHOP ""BÁNH DỨA ĐÀI LOAN - TAIWANESE PINEAPPLE CAKE"""
"https://images.tkbcdn.com/2/608/332/ts/ds/eb/74/4e/8f56c9d9416ae4c57396b41f5f958562.jpg","[THE GREENERY ART] ART WORKSHOP ""LEMON SHORTCAKE"""
"https://images.tkbcdn.com/2/608/332/ts/ds/0a/3f/23/9ee4cf5a75a4d9e6611eb63d2176db7e.jpg","[THE GREENERY ART] WORKSHOP ""BÁNH DẺO LẠNH SINGAPORE"""
"https://images.tkbcdn.com/2/608/332/ts/ds/68/4a/98/5a52a2a7eb3ad038bb5edd357a1eedc4.jpg","[THE GREENERY ART] WORKSHOP ""BÁNH TRUNG THU NƯỚNG TẠO HÌNH"""
"https://images.tkbcdn.com/2/608/332/ts/ds/2b/ea/2e/59bdbe1f22c3df04f8c99e61e62e206f.jpg","[THE GREENERY ART] WORKSHOP BÁNH ""MOCHI DONUT"""
"https://images.tkbcdn.com/2/608/332/ts/ds/80/d7/37/acff27c378cbbcb022154ee12a9b6b19.jpg","Openinfra & Cloud Native Day Vietnam 2024"
"https://images.tkbcdn.com/2/608/332/ts/ds/b4/9f/72/a49fc634754b99c78669075f425ae3cd.jpg","[THE GREENERY ART] WORKSHOP ""VẼ TRANH CANVAS - CANVAS PAINTING"""
"https://images.tkbcdn.com/2/608/332/ts/ds/2b/49/99/17eab120c0799eadfa214479a55b14e7.jpg","[THE GREENERY ART] WORKSHOP ""SON DƯỠNG HANDMADE - HANDMADE LIP BALM"""
"https://images.tkbcdn.com/2/608/332/ts/ds/cd/0d/9e/3353309661acfe9dc962e7935d8c69f3.png","Art.Life.Style - Meetup 1: Bringing balance into life"
"https://images.tkbcdn.com/2/608/332/ts/ds/e5/70/33/6cb8ec72fe51f64a4491e82256ecbeb2.jpg","[THE GREENERY ART] WORKSHOP ""VẼ TRANH MÀU NƯỚC - WATERCOLOR PAINTING"""
"https://images.tkbcdn.com/2/608/332/ts/ds/e4/f9/c1/b77616fea080f0b59167e2ec37564777.jpg","[THE GREENERY ART] ART WORKSHOP ""NẾN HOA ĐĂNG"""
"https://images.tkbcdn.com/2/608/332/ts/ds/74/80/a8/4855e27874d84d3bd7d8db32e9830d86.jpg","[THE GREENERY ART] WORKSHOP ""BÁNH KEM ĐẬU NÀNH ĐÀI LOAN"""
"https://images.tkbcdn.com/2/608/332/ts/ds/5c/8f/51/430b1cfe96e9db656c3a37aa98f3c30e.jpg","[THE GREENERY ART] WORKSHOP ""TINH DẦU KHUẾCH TÁN - ESSENTIAL OIL REED DIFFUSERS"""
"https://images.tkbcdn.com/2/608/332/ts/ds/45/48/5b/24aec0f3dab405f78d882b09e7c4927d.jpg","[THE GREENERY ART] ART WORKSHOP ""LY NẾN THƠM - SCENTED CANDLES"""
"https://images.tkbcdn.com/2/608/332/ts/ds/00/94/65/d9a37635c812a9c9ef54ac8d73220ed3.jpg","[THE GREENERY ART] WORKSHOP ""BÁNH MOUSSE"""
"https://images.tkbcdn.com/2/608/332/ts/ds/83/4f/1d/410b493260d87c9469dddb6e2557142a.jpg","[THE GREENERY ART] WORKSHOP ""VẼ TÚI VẢI TOTE - PAINTING ON TOTE BAG"""
"https://images.tkbcdn.com/2/608/332/ts/ds/09/39/4d/14d52a2c23555ff72e363d5b25df4a65.jpg","[THE GREENERY ART] WORKSHOP ""SÁP THƠM - SCENTED WAX"""
"https://images.tkbcdn.com/2/608/332/ts/ds/49/5b/e9/67a2f85ae63f7a2cc669e082b7792f97.jpg","[THE GREENERY ART] ART WORKSHOP ""HƯƠNG THƠM TỪ NHỮNG BÁNH XÀ PHÒNG - SOAP"""
"https://images.tkbcdn.com/2/608/332/ts/ds/f4/df/85/8ea133ddaadef4c48e32247e77e174d6.jpg","[THE GREENERY ART] ART WORKSHOP ""NẾN THƠM TRUNG THU"""
"https://images.tkbcdn.com/2/608/332/ts/ds/39/ac/ae/5577a743fc829ce9599402f53bf161e3.jpg","[THE GREENERY ART] WORKSHOP ""THÊU TÚI VẢI - EMBROIDER TOTE BAG"""
"https://images.tkbcdn.com/2/608/332/ts/ds/99/0d/99/7e4c23f376b7e4160e56c1792a2dfe21.png","GENAI SUMMIT: UNCHARTED FRONTIERS"
"https://images.tkbcdn.com/2/608/332/ts/ds/93/fa/19/10f17da829e227754042b62e139b33b5.jpg","BUSINESS SUMMIT - ỨNG BIẾN TRONG VẠN BIẾN"
"https://images.tkbcdn.com/2/608/332/ts/ds/02/e8/ae/0bef099f1f5a66f71f21834c5cfc4046.png","WORKSHOP NGÀNH DƯỢC & Y TẾ: NHÀ THUỐC CHUYỂN MÌNH - TƯƠNG LAI CẤT CÁNH"
"https://images.tkbcdn.com/2/608/332/ts/ds/87/c6/d4/5c4aac4eb90fd6fbbdaa79453f69c906.png","WORKSHOP CÁN HOA TƯƠI TRÊN GỐM"
"https://images.tkbcdn.com/2/608/332/ts/ds/93/fa/19/876c4a611d0879dbf8751c341b7d363e.jpg","BUSINESS SUMMIT - ỨNG BIẾN TRONG VẠN BIẾN"
"https://images.tkbcdn.com/2/608/332/ts/ds/a3/25/4e/d5d3c98d9cebc2d28772d5335188f3a2.png","Business Transformation Training"
"https://images.tkbcdn.com/2/608/332/ts/ds/d2/35/4a/d55059edbe57fdcd865f43c31fb0412f.jpg","Workshop ""Màu Ký Ức"""
"https://images.tkbcdn.com/2/608/332/ts/ds/5e/e5/25/2c9ca541860713504758c65b4a280bae.jpg","Chương trình trải nghiệm Du thuyền Nautilus"
"https://images.tkbcdn.com/2/608/332/ts/ds/13/d9/ab/a17d6004eb1abec6ab7e52c01c17198a.jpg","[THE GREENERY ART] WORKSHOP ""TRANH LEN DÁN - WOOL PICTURE"""
"https://images.tkbcdn.com/2/608/332/ts/ds/d0/fb/f4/e12bc31c00a9a2084bc255e19a0d532e.jpg","[THE GREENERY ART] WORKSHOP ""LY NẾN BIỂN - OCEAN SCENTED CANDLE"""
"https://images.tkbcdn.com/2/608/332/ts/ds/b9/8a/b6/b06a244759bed06936275e76ec2553cd.jpg","[THE GREENERY ART] WORKSHOP ""BÁNH QUY MOCHI"""
"https://images.tkbcdn.com/2/608/332/ts/ds/ea/61/b0/9fb0e2eb339998cf7b7095bce6707813.png","Khóa học TRIZ & LIFE-SCIENCE K536 khai giảng ngày 29.07.2024 tại trường Đại Học Khoa Học Tự Nhiên"
"https://images.tkbcdn.com/2/608/332/ts/ds/79/ab/c3/7895fffd9b87eeff344c4b6132b59c2d.jpg","[THE GREENERY ART] WORKSHOP ""XÀ PHÒNG ĐẠI DƯƠNG - OCEAN HANDMADE SOAP"""
"https://images.tkbcdn.com/2/608/332/ts/ds/5c/f8/f3/608280ea2410312df011c3d64042d35b.jpg","[THE GREENERY ART] WORKSHOP ""BÁNH CHIFFON HOA - FLOWER CHIFFON CAKE"""
"https://images.tkbcdn.com/2/608/332/ts/ds/0e/13/1b/a50ded24c44a0d2297f254f36812d28b.jpg","[THE GREENERY ART] WORKSHOP ""TỤ NẾN ĐẠI DƯƠNG - OCEAN DECORATIVE CANDLE"""
"https://images.tkbcdn.com/2/608/332/ts/ds/df/ee/2b/cddda38eda507bf73297036ac88a6427.png","[FLOWER 1969’s] CANDLE GARDEN WORKSHOP - KHU VƯỜN NẾN THƠM"
"https://images.tkbcdn.com/2/608/332/ts/ds/d9/4d/10/6d9005c9b585f3f5c0fb15a5fa808ea3.png","[FLOWER 1969’s] SUMMER CANDLE WORKSHOP - NẾN THƠM GEL TRONG MÙA HẠ"
"https://images.tkbcdn.com/2/608/332/ts/ds/9f/f9/73/8ea53a17af6bd7bdc5ffd733e669876d.png","[FLOWER 1969’s] PRESSED DRIED FLOWER FRAME WORKSHOP - KHUNG TRANH HOA THƠM"
"https://images.tkbcdn.com/2/608/332/ts/ds/c1/6b/ff/ee7d50e527f46bf3903ffa8883285e6e.jpg","[THE GREENERY ART] ART WORKSHOP ""PIZZA HOMEMADE"""
"https://images.tkbcdn.com/2/608/332/ts/ds/99/79/02/db1af439a411b0f01d64eb661561c042.jpg","TẮM ÂM THANH và THƯỞNG TRÀ"
"https://images.tkbcdn.com/2/608/332/ts/ds/11/d7/ea/71c1c6f1beec396bbf85af8526ebed36.png","[FLOWER 1969’s] GEL SOAP WORKSHOP - XÀ PHÒNG GEL TRONG"
"https://images.tkbcdn.com/2/608/332/ts/ds/1e/39/1d/874c4876d28e061e693f564e09e2d338.png","[FLOWER 1969’s] WORKSHOP SCENTED RELIEF SCULPTURES - PHÙ ĐIÊU HƯƠNG"
"https://images.tkbcdn.com/2/608/332/ts/ds/51/e1/37/5921adee45fbdfae0396ee650db339e0.jpg","[LemLab] Workshop: Vẽ ly gốm (combo có giá ưu đãi dành cho gia đình)"
"https://images.tkbcdn.com/2/608/332/ts/ds/b7/ec/5f/dd06cb9543208ab65c93b5e7fce14a36.jpg","Nghệ thuật làm thịt chay"
"https://images.tkbcdn.com/2/608/332/ts/ds/5b/69/9d/d4a8cd9f719b4a83911c70fd0f4b8ce6.jpg","Triển lãm mùi hương : Olfactory Odyssey II: Scent & Memory"
"https://images.tkbcdn.com/2/608/332/ts/ds/e9/89/4a/e5022c85dd957db370118fb28b79b852.jpg","WORKSHOP: MIND - BODY - SPIRIT"
"https://images.tkbcdn.com/2/608/332/ts/ds/e5/49/25/589c6382f95ef38a528c8e3d411c1ff6.jpg","WORKSHOP HOA LỤA và SEN ĐÁ - FLORAL CHERISH AND CHILL"
"https://images.tkbcdn.com/2/608/332/ts/ds/1f/d1/4d/0320aa0ca93a833478695233101f800a.jpg","Bastille Day 2024 - Chào mừng ngày Quốc khánh Pháp - HCM"
"https://images.tkbcdn.com/2/608/332/ts/ds/53/7f/66/f0ad7df81bd933f7d5759dadb3472e07.png","Bastille Day 2024 Hanoi"
"https://images.tkbcdn.com/2/608/332/ts/ds/08/a4/66/2ab6b0d42a8cb94c39c10a71b6f93b5a.png","VÒNG CHUNG KẾT CUỘC THI HÙNG BIỆN TIẾNG ANH 'LUSID'"
"https://images.tkbcdn.com/2/608/332/ts/ds/d4/02/28/1631323dba06301ad814c165846cb4a9.jpg","Chuỗi Chương Trình Phi Lợi Nhuận Về Phát Triển Bản Thân: TÔI - PHIÊN BẢN KẾT NỐI"
"https://images.tkbcdn.com/2/608/332/ts/ds/2b/d7/a5/943f9dda0d87c8d8b6fb75f90c54397b.jpg","[Giáo dục cha mẹ] TÌM VỀ CHÍNH MÌNH - KIẾN TẠO BÌNH AN NỘI TÂM"
"https://images.tkbcdn.com/2/608/332/ts/ds/a6/84/02/e9cfcd9502e51d21f14f6298d67ba097.png","Luyện thi chứng chỉ IIBA (ECBA, CCBA, CBAP) 3.0 - ONLINE"
"https://images.tkbcdn.com/2/608/332/ts/ds/56/80/01/5e7ac8df78508e651cba92811ab8edfc.png","Khóa học TRIZ & MINDSCIENCE K535 khai giảng ngày 01.07.2024 tại ĐH KHTN"
"https://images.tkbcdn.com/2/608/332/ts/ds/7b/ac/b7/752be1535cd249e56b8732a412767f8f.jpg","[LÀ LEN HMADE CRAFTING] Workshop học làm hoa len"
"https://images.tkbcdn.com/2/608/332/ts/ds/2e/b9/c2/a5497f43cac04c1145fbc6c1cd3f4703.jpg","Workshop: Vẽ chậu trồng cây (dành cho gia đình)"
"https://images.tkbcdn.com/2/608/332/ts/ds/63/7b/43/961b7b5e08d10cab1612fa56cc5417c2.png","[FLOWER 1969’s] TERRARIUM WORKSHOP - TRỒNG CÂY HỆ MỞ"
"https://images.tkbcdn.com/2/608/332/ts/ds/fa/13/c0/8a8b4486a369879495452c2e34e62de7.png","[LemLab] Workshop TRẢI NGHIỆM LÀM GỐM - dành cho Trẻ Em"
"https://images.tkbcdn.com/2/608/332/ts/ds/6a/8d/41/642b580c147e745846e9ec73f56c2891.jpg","WEDDING GALLERY: LOVE DUO"
"https://images.tkbcdn.com/2/608/332/ts/ds/13/89/d7/26245815fbf6785d1f04cce66f8ae233.jpg","RESIDENTIAL . SECOND HOME DESIGN ""Smart Living, Better Life"""
"https://images.tkbcdn.com/2/608/332/ts/ds/f1/3e/23/734703e162abee3dcb8b4502a97a862e.jpg","PIANO RECITAL OF VO MINH QUANG"
"https://images.tkbcdn.com/2/608/332/ts/ds/84/23/9d/91d8b897dad7658eab76a5e60742807c.png","WORKSHOP VẼ TRANH - PET PORTRAITS PAINTINGS - VẼ CHÂN DUNG THÚ CƯNG -"
"https://images.tkbcdn.com/2/608/332/ts/ds/1e/3c/17/a7c9fd8e43e8e6ec48244a08fbad973a.png","HÀ NỘI - PHÂN TÍCH NGHIỆP VỤ CƠ BẢN 3.0"
"https://images.tkbcdn.com/2/608/332/ts/ds/e7/5b/4e/e830ac48eb37e3642f1b8c8d31352390.png","Aquafina Tuần Lễ Thời Trang Quốc Tế Việt Nam 2024"
"https://images.tkbcdn.com/2/608/332/ts/ds/5f/8f/d5/81067ea40e1934cc7619c17f4cf7be4c.jpg","[Khóa học] Làm gốm cơ bản - khóa mùa hè 2024 - Tháng 6"
"https://images.tkbcdn.com/2/608/332/ts/ds/77/e6/b6/0c3ed48dfe8af62812adab8afbf9cb40.jpg","Viewing Party VALORANT MASTERS SHANGHAI"
"https://images.tkbcdn.com/2/608/332/ts/ds/dd/1a/71/e0afb94c93e9fcbcec8255587e955d2d.jpg","[ONLINE] Talk TIỀN LÀ TIÊN"
"https://images.tkbcdn.com/2/608/332/ts/ds/4f/61/87/47bc16f0a9b827df39385e288d898127.png","WORKSHOP ""ĐÁNH THỨC PHONG THÁI"""
"https://images.tkbcdn.com/2/608/332/ts/ds/56/ab/36/3489ca128d9bd1792870e0a7e95f03f9.jpg","PAINTING WORKSHOP CHỦ ĐỀ ""NHỮNG ĐỨA TRẺ CHƯA LỚN"""
"https://images.tkbcdn.com/2/608/332/Upload/eventcover/2024/04/23/B18D21.jpg","INVEST SUMMIT 2024"
"https://images.tkbcdn.com/2/608/332/Upload/eventcover/2024/04/23/A12DE5.jpg","HAWEE LEADERS FORUM 2024 - LÃNH ĐẠO KIẾN TẠO TƯƠNG LAI"
"https://images.tkbcdn.com/2/608/332/ts/ds/b6/1e/d0/e7e9d2091df07b33a50d00a5dfe6df18.png","Khóa học TRIZ & NEUROSCIENCE K534 khai giảng ngày 27.05.2024 tại ĐH KHTN"
"https://images.tkbcdn.com/2/608/332/Upload/eventcover/2024/04/23/B18D21.jpg","INVEST SUMMIT 2024"
"https://images.tkbcdn.com/2/608/332/Upload/eventcover/2023/12/16/DB2E18.jpg","SHOW 3D MAPPING 3 VĂN MINH CÀ PHÊ - ĐẦU TIÊN VÀ DUY NHẤT TẠI VIỆT NAM"
"https://images.tkbcdn.com/2/608/332/Upload/eventcover/2024/02/26/9626FD.jpg","[NEW] TRẢI NGHIỆM THIỀN CÀ PHÊ - THANH LỌC VỀ THÂN - TÂM - TRÍ"
"https://images.tkbcdn.com/2/608/332/Upload/eventcover/2024/03/06/3DC022.jpg","VIETNAM CEO 2024 - GẶP GỠ TRỰC TIẾP CHUYÊN GIA NLP HÀNG ĐẦU CHÂU Á COACH VAS"
"https://images.tkbcdn.com/2/608/332/ts/ds/9f/54/d6/4b816f8f7b7695cc5a403393007189ea.jpg","INFINITY - Rooftop Party"
"https://images.tkbcdn.com/2/608/332/Upload/eventcover/2024/04/11/82673F.jpg","HCM - PHÂN TÍCH NGHIỆP VỤ NÂNG CAO 3.0 (T3,T7)"
"https://images.tkbcdn.com/2/608/332/Upload/eventcover/2024/04/28/D1842F.jpg","LỚP MÓC TÚI LƯỚI ĐI BIỂN (CROCHET BAG)"